date,value
2013-09-19 02:16:07 +0100,0
2013-09-20 02:42:51 +0100,0
2013-09-21 02:35:34 +0100,0
2013-09-22 02:42:30 +0100,0
2013-09-23 14:45:25 +0100,0
2013-09-24 02:24:38 +0100,0
2013-09-25 02:24:18 +0100,0
2013-09-25 11:14:19 +0100,0
2013-09-25 15:24:36 +0100,0
2013-09-26 02:28:48 +0100,0
2013-09-27 03:04:57 +0100,0
2013-09-28 02:34:11 +0100,0
2013-09-29 02:37:28 +0100,0
2013-09-30 02:41:33 +0100,0
2013-10-01 02:48:10 +0100,0
2013-10-02 02:40:18 +0100,0
2013-10-03 02:50:49 +0100,0
2013-10-04 02:42:18 +0100,0
2013-10-05 02:35:24 +0100,0
2013-10-06 02:35:14 +0100,0
2013-10-07 02:36:02 +0100,0
2013-10-08 02:48:25 +0100,0
2013-10-09 02:44:15 +0100,0
2013-10-10 02:42:47 +0100,0
2013-10-11 02:43:24 +0100,0
2013-10-12 02:36:46 +0100,0
2013-10-13 02:34:49 +0100,0
2013-10-16 02:38:31 +0100,0
2013-10-17 02:38:11 +0100,0
2013-10-18 03:54:04 +0100,0
2013-10-19 04:22:37 +0100,0
2013-10-20 03:47:14 +0100,0
2013-10-21 03:33:15 +0100,0
2013-10-22 03:54:27 +0100,0
2013-10-23 04:08:12 +0100,0
2013-10-24 03:23:20 +0100,0
2013-10-25 03:49:11 +0100,0
2013-10-26 02:58:11 +0100,0
2013-10-27 04:56:02 +0000,0
2013-10-28 03:29:04 +0000,0
2013-10-29 03:34:38 +0000,0
2013-10-30 03:44:23 +0000,0
2013-10-31 04:16:06 +0000,0
2013-11-01 19:13:36 +0000,0
2013-11-04 10:02:58 +0000,0
2013-11-05 03:51:50 +0000,0
2013-11-06 03:39:36 +0000,0
2013-11-07 03:44:18 +0000,0
2013-11-08 03:49:56 +0000,0
2013-11-09 04:02:57 +0000,0
2013-11-10 03:28:18 +0000,0
2013-11-11 03:43:31 +0000,0
2013-11-12 04:09:49 +0000,0
2013-11-13 04:17:11 +0000,0
2013-11-14 03:34:20 +0000,0
2013-11-15 03:40:17 +0000,0
2013-11-16 03:32:06 +0000,0
2013-11-17 03:26:32 +0000,0
2013-11-18 03:40:30 +0000,0
2013-11-19 03:32:58 +0000,0
2013-11-20 03:45:31 +0000,0
2013-11-21 00:22:41 +0000,0
2013-11-23 03:53:55 +0000,0
2013-11-24 03:44:40 +0000,0
2013-11-25 03:55:14 +0000,0
2013-11-26 03:54:42 +0000,0
2013-11-27 02:39:15 +0000,0
2013-11-28 02:45:13 +0000,0
2013-11-29 02:53:16 +0000,0
2013-11-29 13:52:45 +0000,0
2013-11-30 02:38:52 +0000,0
2013-12-01 02:42:02 +0000,0
2013-12-02 02:51:58 +0000,0
2013-12-03 04:32:38 +0000,0
2013-12-04 04:03:25 +0000,0
2013-12-05 03:53:11 +0000,0
2013-12-06 02:54:29 +0000,0
2013-12-07 02:34:50 +0000,0
2013-12-08 02:36:39 +0000,0
2013-12-09 02:52:24 +0000,0
2013-12-10 02:46:19 +0000,0
2013-12-11 02:54:20 +0000,0
2013-12-12 03:04:44 +0000,0
2013-12-13 02:57:01 +0000,0
2013-12-14 02:38:45 +0000,0
2013-12-15 03:04:13 +0000,0
2013-12-16 02:55:23 +0000,0
2013-12-17 02:58:50 +0000,0
2013-12-18 02:52:19 +0000,0
2013-12-19 03:59:42 +0000,0
2013-12-20 04:06:15 +0000,0
2013-12-20 16:56:27 +0000,0
2013-12-21 02:31:09 +0000,0
2013-12-22 08:37:23 +0000,0
2013-12-23 04:25:16 +0000,0
2013-12-24 04:29:27 +0000,0
2013-12-25 03:10:58 +0000,0
2013-12-26 03:04:01 +0000,0
2013-12-27 03:17:26 +0000,0
2013-12-28 03:04:54 +0000,0
2013-12-30 02:52:57 +0000,0
2013-12-31 02:54:44 +0000,0
2014-01-01 02:59:11 +0000,0
2014-01-02 04:08:28 +0000,0
2014-01-03 04:15:04 +0000,0
2014-01-04 02:52:31 +0000,0
2014-01-05 02:58:11 +0000,0
2014-01-06 04:43:07 +0000,0
2014-01-07 04:21:33 +0000,0
2014-01-08 04:28:04 +0000,0
2014-01-09 11:43:05 +0000,0
2014-01-10 03:41:39 +0000,0
2014-01-11 02:16:17 +0000,0
2014-01-12 02:21:34 +0000,0
2014-01-13 02:16:21 +0000,0
2014-01-14 02:16:39 +0000,0
2014-01-15 02:31:55 +0000,0
2014-01-16 02:18:22 +0000,0
2014-01-17 02:26:19 +0000,0
2014-01-18 02:19:36 +0000,0
2014-01-19 02:25:23 +0000,0
2014-01-20 02:20:22 +0000,0
2014-01-21 02:31:17 +0000,0
2014-01-22 02:25:21 +0000,0
2014-01-23 02:33:16 +0000,0
2014-01-24 02:23:38 +0000,0
2014-01-25 02:23:24 +0000,0
2014-01-26 02:27:56 +0000,0
2014-01-27 02:20:07 +0000,0
2014-01-28 02:20:35 +0000,0
2014-01-29 02:32:21 +0000,0
2014-01-30 02:29:49 +0000,0
2014-01-31 02:32:44 +0000,0
2014-02-01 02:22:35 +0000,0
2014-02-02 02:22:29 +0000,0
2014-02-03 02:22:15 +0000,0
2014-02-04 02:34:23 +0000,0
2014-02-05 02:23:50 +0000,0
2014-02-06 02:23:50 +0000,0
2014-02-07 02:22:38 +0000,0
2014-02-08 02:19:58 +0000,0
2014-02-09 02:14:32 +0000,0
2014-02-10 02:20:55 +0000,0
2014-02-11 02:25:28 +0000,0
2014-02-12 02:21:54 +0000,0
2014-02-13 02:26:51 +0000,0
2014-02-14 02:21:14 +0000,0
2014-02-15 02:17:54 +0000,0
2014-02-16 02:19:40 +0000,0
2014-02-17 02:19:50 +0000,0
2014-02-18 02:17:59 +0000,0
2014-02-19 02:17:50 +0000,0
2014-02-20 02:17:17 +0000,0
2014-02-21 02:23:49 +0000,0
2014-02-22 02:22:10 +0000,0
2014-02-23 02:26:46 +0000,0
2014-02-24 02:22:52 +0000,0
2014-02-25 02:21:02 +0000,0
2014-02-26 02:29:21 +0000,0
2014-02-27 02:34:26 +0000,0
2014-02-28 02:33:32 +0000,0
2014-03-01 02:29:31 +0000,0
2014-03-02 02:27:03 +0000,0
2014-03-03 02:44:38 +0000,0
2014-03-04 02:25:32 +0000,0
2014-03-05 02:29:58 +0000,0
2014-03-06 02:31:45 +0000,0
2014-03-07 02:29:18 +0000,0
2014-03-08 02:24:15 +0000,0
2014-03-09 02:31:12 +0000,0
2014-03-10 02:27:04 +0000,0
2014-03-11 02:29:47 +0000,0
2014-03-12 02:26:49 +0000,0
2014-03-13 02:25:06 +0000,0
2014-03-14 02:29:40 +0000,0
2014-03-15 02:35:19 +0000,0
2014-03-16 02:33:30 +0000,0
2014-03-17 02:36:43 +0000,0
2014-03-18 02:34:14 +0000,0
2014-03-19 02:28:56 +0000,0
2014-03-20 02:27:37 +0000,0
2014-03-21 02:28:59 +0000,0
2014-03-22 02:23:55 +0000,0
2014-03-23 02:44:03 +0000,0
2014-03-24 02:42:23 +0000,0
2014-03-25 02:28:46 +0000,0
2014-03-26 02:32:32 +0000,0
2014-03-27 02:33:42 +0000,0
2014-03-28 02:26:32 +0000,0
2014-03-29 14:16:02 +0000,0
2014-03-30 03:28:39 +0100,0
2014-03-31 02:29:42 +0100,0
2014-04-01 02:27:17 +0100,0
2014-04-02 02:29:08 +0100,0
2014-04-03 02:28:29 +0100,0
2014-04-04 02:29:57 +0100,0
2014-04-08 02:46:31 +0100,0
2014-04-09 02:36:44 +0100,0
2014-04-10 02:32:11 +0100,0
2014-04-11 03:57:01 +0100,0
2014-04-12 02:28:21 +0100,0
2014-04-13 02:33:56 +0100,0
2014-04-14 02:33:30 +0100,0
2014-04-15 02:31:44 +0100,0
2014-04-16 02:40:52 +0100,0
2014-04-17 02:32:11 +0100,0
2014-04-18 02:34:14 +0100,0
2014-04-19 02:36:10 +0100,0
2014-04-20 02:32:54 +0100,0
2014-04-21 02:37:03 +0100,0
2014-04-22 02:37:55 +0100,0
2014-04-23 04:02:54 +0100,0
2014-04-24 02:39:03 +0100,0
2014-04-25 02:39:31 +0100,0
2014-04-26 02:42:56 +0100,0
2014-04-27 02:29:16 +0100,0
2014-04-28 02:30:50 +0100,0
2014-04-29 02:45:35 +0100,0
2014-04-30 02:37:46 +0100,0
2014-05-01 02:34:44 +0100,0
2014-05-02 02:40:09 +0100,0
2014-05-03 02:28:30 +0100,0
2014-05-04 02:32:23 +0100,0
2014-05-05 02:40:28 +0100,0
2014-05-06 02:43:49 +0100,0
2014-05-07 02:41:17 +0100,0
2014-05-08 02:37:50 +0100,0
2014-05-09 02:47:07 +0100,0
2014-05-10 02:37:52 +0100,0
2014-05-11 02:37:42 +0100,0
2014-05-12 02:38:38 +0100,0
2014-05-13 02:36:47 +0100,0
2014-05-14 02:39:16 +0100,0
2014-05-15 02:36:06 +0100,0
2014-05-16 02:47:36 +0100,0
2014-05-17 03:04:38 +0100,0
2014-05-18 02:33:13 +0100,0
2014-05-19 02:40:32 +0100,0
2014-05-20 03:03:44 +0100,0
2014-05-21 02:38:40 +0100,0
2014-05-22 02:41:01 +0100,0
2014-05-23 02:36:18 +0100,0
2014-05-24 02:41:54 +0100,0
2014-05-25 02:39:44 +0100,0
2014-05-26 02:40:23 +0100,0
2014-05-27 02:51:58 +0100,0
2014-05-28 02:41:32 +0100,0
2014-05-29 02:41:37 +0100,0
2014-05-30 02:40:04 +0100,0
2014-05-31 02:44:16 +0100,0
2014-06-01 02:38:21 +0100,0
2014-06-02 02:37:23 +0100,0
2014-06-03 02:37:31 +0100,0
2014-06-04 02:38:24 +0100,0
2014-06-05 02:35:42 +0100,0
2014-06-06 02:38:04 +0100,0
2014-06-07 02:37:35 +0100,0
2014-06-08 02:41:40 +0100,0
2014-06-09 02:45:27 +0100,0
2014-06-10 02:39:36 +0100,0
2014-06-11 02:48:24 +0100,0
2014-06-12 02:43:23 +0100,0
2014-06-13 02:43:44 +0100,0
2014-06-14 02:41:52 +0100,0
2014-06-15 02:48:58 +0100,0
2014-06-16 02:43:03 +0100,0
2014-06-17 09:03:57 +0100,0
2014-06-18 02:45:02 +0100,0
2014-06-19 02:46:01 +0100,0
2014-06-20 02:38:39 +0100,0
2014-06-21 02:40:35 +0100,0
2014-06-22 02:35:54 +0100,0
2014-06-23 02:38:42 +0100,0
2014-06-24 02:36:37 +0100,0
2014-06-25 18:54:13 +0100,0
2014-06-26 03:23:52 +0100,0
2014-06-27 03:31:26 +0100,0
2014-06-28 03:28:14 +0100,0
2014-06-29 03:29:46 +0100,0
2014-06-30 03:18:23 +0100,0
2014-07-01 02:27:24 +0100,0
2014-07-02 02:39:01 +0100,0
2014-07-03 02:43:11 +0100,0
2014-07-04 03:17:39 +0100,0
2014-07-05 02:48:00 +0100,0
2014-07-06 02:44:42 +0100,0
2014-07-07 02:51:35 +0100,0
2014-07-08 03:02:12 +0100,0
2014-07-09 02:46:09 +0100,0
2014-07-10 02:51:15 +0100,0
2014-07-11 02:45:10 +0100,0
2014-07-12 02:43:23 +0100,0
2014-07-13 02:43:32 +0100,0
2014-07-14 02:47:00 +0100,0
2014-07-15 02:46:58 +0100,0
2014-07-16 02:42:16 +0100,0
2014-07-17 02:46:17 +0100,0
2014-07-18 02:44:15 +0100,0
2014-07-19 02:41:10 +0100,0
2014-07-20 02:39:41 +0100,0
2014-07-21 02:48:36 +0100,0
2014-07-22 02:51:59 +0100,0
2014-07-23 02:44:13 +0100,0
2014-07-24 02:44:25 +0100,0
2014-07-25 02:41:15 +0100,0
2014-07-26 02:39:35 +0100,0
2014-07-27 02:33:02 +0100,0
2014-07-28 02:39:50 +0100,0
2014-07-29 02:39:37 +0100,0
2014-07-30 02:44:11 +0100,0
2014-07-31 02:37:16 +0100,0
2014-08-01 02:45:26 +0100,0
2014-08-02 02:34:49 +0100,0
2014-08-03 03:05:19 +0100,0
2014-08-04 02:45:32 +0100,0
2014-08-05 02:45:33 +0100,0
2014-08-06 02:43:20 +0100,0
2014-08-07 02:41:52 +0100,0
2014-08-08 02:43:24 +0100,0
2014-08-09 02:35:17 +0100,0
2014-08-10 02:37:17 +0100,0
2014-08-11 02:49:09 +0100,0
2014-08-12 02:36:56 +0100,0
2014-08-13 02:41:52 +0100,0
2014-08-14 02:39:20 +0100,0
2014-08-15 02:40:32 +0100,0
2014-08-16 02:39:22 +0100,0
2014-08-17 02:37:23 +0100,0
2014-08-18 02:40:14 +0100,0
2014-08-19 02:41:31 +0100,0
2014-08-20 02:41:02 +0100,0
2014-08-21 02:46:25 +0100,0
2014-08-22 02:42:42 +0100,0
2014-08-23 02:49:08 +0100,0
2014-08-24 02:41:34 +0100,0
2014-08-25 02:44:26 +0100,0
2014-08-26 02:45:33 +0100,0
2014-08-27 02:47:23 +0100,0
2014-08-28 02:45:45 +0100,0
2014-08-29 02:52:17 +0100,0
2014-08-30 02:41:53 +0100,0
2014-08-31 02:41:54 +0100,0
2014-09-01 02:41:45 +0100,0
2014-09-02 02:56:38 +0100,0
2014-09-03 02:53:41 +0100,0
2014-09-04 03:09:09 +0100,0
2014-09-05 02:53:14 +0100,0
2014-09-06 02:45:18 +0100,0
2014-09-07 02:42:16 +0100,0
2014-09-08 03:37:13 +0100,0
2014-09-09 02:50:39 +0100,0
2014-09-10 02:53:39 +0100,0
2014-09-11 03:39:38 +0100,0
2014-09-12 02:44:06 +0100,0
2014-09-13 02:45:19 +0100,0
2014-09-14 02:46:09 +0100,0
2014-09-15 02:51:21 +0100,0
2014-09-16 02:51:21 +0100,0
2014-09-17 02:50:45 +0100,0
2014-09-18 02:52:25 +0100,0
2014-09-19 02:50:21 +0100,0
2014-09-20 02:42:56 +0100,0
2014-09-21 02:40:59 +0100,0
2014-09-22 02:50:35 +0100,0
2014-09-23 02:41:41 +0100,0
2014-09-24 02:44:22 +0100,0
2014-09-25 02:55:33 +0100,0
2014-09-26 02:52:05 +0100,0
2014-09-27 02:42:14 +0100,0
2014-09-28 02:39:29 +0100,0
2014-09-29 02:49:32 +0100,0
2014-09-30 02:55:10 +0100,0
2014-10-01 02:49:49 +0100,0
2014-10-02 02:41:17 +0100,0
2014-10-03 02:49:54 +0100,0
2014-10-04 02:39:51 +0100,0
2014-10-05 02:39:01 +0100,0
2014-10-06 02:54:09 +0100,0
2014-10-07 02:55:15 +0100,0
2014-10-08 02:37:06 +0100,0
2014-10-09 02:44:53 +0100,0
2014-10-10 02:41:25 +0100,0
2014-10-11 02:51:31 +0100,0
2014-10-12 02:32:17 +0100,0
2014-10-13 02:35:14 +0100,0
2014-10-14 02:42:31 +0100,0
2014-10-15 03:01:00 +0100,0
2014-10-16 02:39:19 +0100,0
2014-10-17 02:44:57 +0100,0
2014-10-18 02:44:18 +0100,0
2014-10-19 02:35:20 +0100,0
2014-10-20 02:38:03 +0100,0
2014-10-21 02:39:54 +0100,0
2014-10-22 03:00:57 +0100,0
2014-10-23 02:37:10 +0100,0
2014-10-25 02:32:51 +0100,0
2014-10-26 01:30:24 +0000,0
2014-10-27 02:54:13 +0000,0
2014-10-28 02:35:31 +0000,0
2014-10-29 03:06:57 +0000,0
2014-10-30 02:47:36 +0000,0
2014-10-31 02:36:06 +0000,0
2014-11-01 02:28:50 +0000,0
2014-11-02 02:28:48 +0000,0
2014-11-03 02:32:02 +0000,0
2014-11-04 02:35:06 +0000,0
2014-11-05 02:49:43 +0000,0
2014-11-06 02:58:43 +0000,0
2014-11-07 02:45:22 +0000,0
2014-11-08 02:32:13 +0000,0
2014-11-09 02:29:46 +0000,0
2014-11-10 02:36:49 +0000,0
2014-11-11 02:39:57 +0000,0
2014-11-12 02:39:23 +0000,0
2014-11-13 02:43:39 +0000,0
2014-11-14 02:36:10 +0000,0
2014-11-15 02:30:19 +0000,0
2014-11-16 02:31:03 +0000,0
2014-11-17 02:44:07 +0000,0
2014-11-18 02:40:33 +0000,0
2014-11-19 02:46:01 +0000,0
2014-11-20 02:43:56 +0000,0
2014-11-21 02:34:50 +0000,0
2014-11-22 02:32:51 +0000,0
2014-11-23 02:36:45 +0000,0
2014-11-24 02:27:24 +0000,0
2014-11-25 02:39:42 +0000,0
2014-11-26 02:51:07 +0000,0
2014-11-27 02:37:04 +0000,0
2014-11-28 02:34:52 +0000,0
2014-11-29 02:30:27 +0000,0
2014-11-30 02:32:57 +0000,0
2014-12-01 03:23:50 +0000,0
2014-12-02 02:35:18 +0000,0
2014-12-03 02:37:48 +0000,0
2014-12-04 02:39:05 +0000,0
2014-12-05 02:39:00 +0000,0
2014-12-06 02:32:23 +0000,0
2014-12-07 02:28:06 +0000,0
2014-12-08 02:44:28 +0000,0
2014-12-09 02:39:34 +0000,0
2014-12-11 03:14:35 +0000,0
2014-12-16 20:52:04 +0000,0
2014-12-17 13:32:22 +0000,0
2014-12-18 02:17:19 +0000,0
2014-12-19 02:43:05 +0000,0
2014-12-20 02:31:59 +0000,0
2014-12-21 02:08:34 +0000,0
2014-12-22 02:09:19 +0000,0
2014-12-23 02:08:53 +0000,0
2014-12-24 02:12:21 +0000,0
2014-12-25 06:47:47 +0000,0
2014-12-26 02:17:30 +0000,0
2014-12-27 02:12:03 +0000,0
2014-12-28 02:11:49 +0000,0
2014-12-29 02:08:04 +0000,0
2014-12-30 02:11:03 +0000,0
2014-12-31 02:24:22 +0000,0
2015-01-01 02:06:34 +0000,0
2015-01-02 02:06:32 +0000,0
2015-01-03 02:12:22 +0000,0
2015-01-04 02:09:42 +0000,0
2015-01-05 02:14:23 +0000,0
2015-01-06 02:25:53 +0000,0
2015-01-07 02:24:04 +0000,0
2015-01-08 02:15:51 +0000,0
2015-01-09 02:19:20 +0000,0
2015-01-10 02:08:34 +0000,0
2015-01-11 02:10:14 +0000,0
2015-01-12 02:09:15 +0000,0
2015-01-13 02:26:54 +0000,0
2015-01-14 02:25:05 +0000,0
2015-01-15 02:17:41 +0000,0
2015-01-16 02:45:10 +0000,0
2015-01-17 02:23:33 +0000,0
2015-01-18 02:24:16 +0000,0
2015-01-19 02:28:33 +0000,0
2015-01-20 02:29:20 +0000,0
2015-01-21 02:29:20 +0000,0
2015-01-22 02:24:08 +0000,0
2015-01-23 02:28:52 +0000,0
2015-01-24 02:21:55 +0000,0
2015-01-25 02:19:33 +0000,0
2015-01-26 02:23:29 +0000,0
2015-01-27 02:39:09 +0000,0
2015-01-28 02:31:51 +0000,0
2015-01-29 02:35:26 +0000,0
2015-01-30 04:38:45 +0000,0
2015-01-31 02:20:09 +0000,0
2015-02-01 02:18:26 +0000,0
2015-02-02 02:23:17 +0000,0
2015-02-03 02:35:02 +0000,0
2015-02-04 02:22:32 +0000,0
2015-02-05 02:23:09 +0000,0
2015-02-06 02:22:13 +0000,0
2015-02-07 02:06:23 +0000,0
2015-02-08 02:03:34 +0000,0
2015-02-09 02:21:09 +0000,0
2015-02-10 02:35:33 +0000,0
2015-02-11 02:01:42 +0000,0
2015-02-12 03:08:40 +0000,0
2015-02-13 02:10:34 +0000,0
2015-02-14 02:06:14 +0000,0
2015-02-15 02:04:16 +0000,0
2015-02-16 02:23:09 +0000,0
2015-02-17 02:26:02 +0000,0
2015-02-18 02:32:52 +0000,0
2015-02-19 02:39:30 +0000,0
2015-02-20 02:35:54 +0000,0
2015-02-21 01:57:35 +0000,0
2015-02-22 02:01:19 +0000,0
2015-02-23 02:22:54 +0000,0
2015-02-24 02:26:12 +0000,0
2015-02-25 02:45:48 +0000,0
2015-02-26 02:50:08 +0000,0
2015-02-27 02:52:01 +0000,0
2015-02-28 02:06:18 +0000,0
2015-03-01 02:03:07 +0000,0
2015-03-02 02:33:12 +0000,0
2015-03-03 02:40:34 +0000,0
2015-03-04 02:51:31 +0000,0
2015-03-05 02:24:54 +0000,0
2015-03-06 02:17:43 +0000,0
2015-03-07 02:04:13 +0000,0
2015-03-08 01:55:32 +0000,0
2015-03-09 02:09:44 +0000,0
2015-03-10 02:18:54 +0000,0
2015-03-11 02:42:45 +0000,0
2015-03-12 02:09:27 +0000,0
2015-03-13 02:05:27 +0000,0
2015-03-14 02:03:51 +0000,0
2015-03-15 01:59:39 +0000,0
2015-03-16 02:17:22 +0000,0
2015-03-17 02:20:27 +0000,0
2015-03-19 03:36:54 +0000,0
2015-03-20 03:35:10 +0000,0
2015-03-21 03:21:30 +0000,0
2015-03-22 03:25:15 +0000,0
2015-03-23 03:27:11 +0000,0
2015-03-24 03:33:32 +0000,0
2015-03-25 03:48:30 +0000,0
2015-03-26 03:34:05 +0000,0
2015-03-27 03:03:16 +0000,0
2015-03-28 02:00:21 +0000,0
2015-03-29 03:12:34 +0100,0
2015-03-30 01:55:25 +0100,0
2015-03-31 01:57:24 +0100,0
2015-04-01 02:03:38 +0100,0
2015-04-02 02:33:02 +0100,0
2015-04-04 02:04:53 +0100,0
2015-04-05 02:04:15 +0100,0
2015-04-06 02:11:59 +0100,0
2015-04-07 02:20:38 +0100,0
2015-04-09 04:17:07 +0100,0
2015-04-10 02:17:56 +0100,0
2015-04-11 01:56:19 +0100,0
2015-04-12 01:56:39 +0100,0
2015-04-13 02:05:13 +0100,0
2015-04-14 01:55:54 +0100,0
2015-04-15 05:34:15 +0100,0
2015-04-16 02:05:22 +0100,1
2015-04-17 02:03:04 +0100,1
2015-04-18 02:05:56 +0100,1
2015-04-19 02:01:18 +0100,1
2015-04-20 02:14:30 +0100,1
2015-04-21 02:01:51 +0100,1
2015-04-22 02:10:16 +0100,1
2015-04-23 02:07:43 +0100,1
2015-04-24 02:03:29 +0100,1
2015-04-25 02:00:02 +0100,1
2015-04-26 01:58:01 +0100,1
2015-04-27 02:05:16 +0100,1
2015-04-28 02:01:35 +0100,1
2015-04-29 01:58:17 +0100,1
2015-04-30 03:29:31 +0100,1
2015-05-01 03:18:05 +0100,1
2015-05-02 03:10:58 +0100,1
2015-05-03 03:03:28 +0100,1
2015-05-04 03:01:17 +0100,1
2015-05-05 02:34:24 +0100,1
2015-05-06 02:57:35 +0100,1
2015-05-07 03:24:56 +0100,1
2015-05-08 03:03:16 +0100,1
2015-05-09 03:24:00 +0100,1
2015-05-10 03:37:00 +0100,1
2015-05-11 03:24:21 +0100,1
2015-05-12 03:19:35 +0100,1
2015-05-13 03:34:42 +0100,1
2015-05-14 03:37:22 +0100,1
2015-05-15 03:19:50 +0100,1
2015-05-16 05:31:18 +0100,1
2015-05-17 03:27:38 +0100,1
2015-05-19 02:53:59 +0100,1
2015-05-20 02:58:38 +0100,1
2015-05-21 03:05:41 +0100,1
2015-05-22 04:51:32 +0100,1
2015-05-23 05:41:24 +0100,1
2015-05-24 03:12:56 +0100,1
2015-05-25 03:01:52 +0100,1
2015-05-26 03:13:00 +0100,1
2015-05-27 03:23:00 +0100,1
2015-05-28 03:26:26 +0100,1
2015-05-29 02:08:35 +0100,1
2015-05-30 02:01:59 +0100,1
2015-05-31 02:59:20 +0100,1
2015-06-01 02:24:26 +0100,1
2015-06-02 02:23:53 +0100,1
2015-06-03 02:16:29 +0100,1
2015-06-04 02:24:07 +0100,1
2015-06-05 02:01:21 +0100,1
2015-06-06 02:25:46 +0100,1
2015-06-07 03:07:41 +0100,1
2015-06-08 03:16:23 +0100,1
2015-06-09 02:21:29 +0100,1
2015-06-10 02:09:44 +0100,1
2015-06-11 02:06:29 +0100,1
2015-06-12 02:28:38 +0100,1
2015-06-13 02:11:49 +0100,1
2015-06-14 03:06:24 +0100,1
2015-06-15 03:23:28 +0100,1
2015-06-16 03:11:19 +0100,1
2015-06-17 02:46:34 +0100,1
2015-06-18 03:19:13 +0100,1
2015-06-19 02:09:05 +0100,1
2015-06-20 02:39:51 +0100,1
2015-06-21 03:12:24 +0100,1
2015-06-22 02:56:04 +0100,1
2015-06-23 03:07:29 +0100,1
2015-06-24 03:09:05 +0100,1
2015-06-25 03:15:04 +0100,1
2015-06-26 03:24:28 +0100,1
2015-06-27 02:39:42 +0100,1
2015-06-28 02:06:10 +0100,1
2015-06-29 03:03:02 +0100,1
2015-06-30 03:30:01 +0100,1
2015-07-01 03:29:44 +0100,1
2015-07-02 03:23:07 +0100,1
2015-07-03 03:53:39 +0100,1
2015-07-04 03:24:21 +0100,1
2015-07-05 03:50:22 +0100,1
2015-07-06 03:28:49 +0100,1
2015-07-07 03:31:22 +0100,1
2015-07-08 03:32:52 +0100,1
2015-07-09 03:25:34 +0100,1
2015-07-10 03:21:23 +0100,1
2015-07-11 03:24:05 +0100,1
2015-07-12 03:25:10 +0100,1
2015-07-13 03:30:17 +0100,1
2015-07-14 03:34:45 +0100,1
2015-07-15 03:32:38 +0100,1
2015-07-16 03:34:37 +0100,1
2015-07-17 03:33:18 +0100,1
2015-07-18 03:32:48 +0100,1
2015-07-19 04:10:19 +0100,1
2015-07-20 03:37:49 +0100,1
2015-07-21 03:28:07 +0100,1
2015-07-22 03:00:32 +0100,1
2015-07-23 03:27:22 +0100,1
2015-07-24 03:40:51 +0100,1
2015-07-25 03:34:29 +0100,1
2015-07-26 04:36:23 +0100,1
2015-07-27 03:38:45 +0100,1
2015-07-28 03:26:37 +0100,1
2015-07-29 03:38:54 +0100,1
2015-07-30 03:32:40 +0100,1
2015-07-31 03:33:25 +0100,1
2015-08-01 03:18:01 +0100,1
2015-08-02 03:11:35 +0100,1
2015-08-03 03:07:58 +0100,1
2015-08-04 02:18:55 +0100,1
2015-08-05 02:42:41 +0100,1
2015-08-06 02:40:21 +0100,1
2015-08-07 02:20:27 +0100,1
2015-08-08 05:07:13 +0100,1
2015-08-09 05:40:14 +0100,1
2015-08-10 05:33:37 +0100,1
2015-08-11 06:07:44 +0100,1
2015-08-12 02:22:25 +0100,1
2015-08-13 02:19:06 +0100,1
2015-08-14 02:49:46 +0100,1
2015-08-15 02:59:06 +0100,1
2015-08-16 00:11:23 +0100,1
2015-08-19 03:03:53 +0100,1
2015-08-20 03:30:49 +0100,1
2015-08-21 02:07:30 +0100,1
2015-08-22 02:33:32 +0100,1
2015-08-23 03:14:15 +0100,1
2015-08-24 02:59:24 +0100,1
2015-08-25 02:28:16 +0100,1
2015-08-26 02:06:34 +0100,1
2015-08-27 03:01:23 +0100,1
2015-08-28 02:24:32 +0100,1
2015-08-29 03:33:40 +0100,1
2015-08-30 03:39:21 +0100,1
2015-08-31 03:40:35 +0100,1
2015-09-01 03:03:30 +0100,1
2015-09-02 03:09:47 +0100,1
2015-09-03 03:14:42 +0100,1
2015-09-04 02:27:54 +0100,1
2015-09-05 02:31:04 +0100,1
2015-09-06 02:38:54 +0100,1
2015-09-07 03:03:10 +0100,1
2015-09-08 03:32:53 +0100,1
2015-09-09 03:40:33 +0100,1
2015-09-10 03:35:34 +0100,1
2015-09-11 02:26:33 +0100,1
2015-09-12 03:27:11 +0100,1
2015-09-13 03:32:59 +0100,1
2015-09-14 03:33:06 +0100,1
2015-09-15 03:40:49 +0100,1
2015-09-16 03:37:32 +0100,1
2015-09-17 03:31:34 +0100,1
2015-09-18 03:43:15 +0100,1
2015-09-19 03:02:32 +0100,1
2015-09-20 02:46:41 +0100,1
2015-09-21 02:06:09 +0100,1
2015-09-22 02:02:36 +0100,1
2015-09-23 02:09:06 +0100,1
2015-09-24 02:05:22 +0100,1
2015-09-25 02:06:24 +0100,1
2015-09-26 02:05:07 +0100,1
2015-09-27 02:00:58 +0100,1
2015-09-28 02:12:28 +0100,1
2015-09-29 02:03:53 +0100,1
2015-09-30 02:03:36 +0100,1
2015-10-01 02:06:05 +0100,1
2015-10-02 02:08:30 +0100,1
2015-10-03 02:02:56 +0100,1
2015-10-04 02:53:02 +0100,1
2015-10-05 02:11:32 +0100,1
2015-10-06 02:16:33 +0100,1
2015-10-07 02:03:02 +0100,1
2015-10-08 02:26:47 +0100,1
2015-10-09 02:34:03 +0100,1
2015-10-10 02:02:25 +0100,1
2015-10-11 02:01:49 +0100,1
2015-10-12 02:16:25 +0100,1
2015-10-13 04:00:16 +0100,1
2015-10-14 02:14:16 +0100,1
2015-10-15 02:00:19 +0100,1
2015-10-16 02:07:26 +0100,1
2015-10-17 02:27:27 +0100,1
2015-10-18 02:06:37 +0100,1
2015-10-19 02:01:05 +0100,1
2015-10-20 02:26:33 +0100,1
2015-10-21 02:05:58 +0100,1
2015-10-22 02:13:37 +0100,1
2015-10-23 02:04:40 +0100,1
2015-10-24 02:05:01 +0100,1
2015-10-25 01:02:53 +0000,1
2015-10-26 02:08:33 +0000,1
2015-10-27 02:08:25 +0000,1
2015-10-28 02:04:35 +0000,1
2015-10-29 02:08:47 +0000,1
2015-10-30 02:07:07 +0000,1
2015-10-31 02:11:51 +0000,1
2015-11-01 02:10:23 +0000,1
2015-11-02 02:15:59 +0000,1
2015-11-03 02:19:13 +0000,1
2015-11-04 02:13:57 +0000,1
2015-11-05 02:21:31 +0000,1
2015-11-06 02:12:10 +0000,1
2015-11-07 02:33:37 +0000,1
2015-11-08 02:16:03 +0000,1
2015-11-09 02:10:27 +0000,1
2015-11-10 02:27:35 +0000,1
2015-11-11 02:19:39 +0000,1
2015-11-12 02:07:24 +0000,1
2015-11-13 02:06:01 +0000,1
2015-11-14 02:18:59 +0000,1
2015-11-15 02:06:40 +0000,1
2015-11-16 02:14:14 +0000,1
2015-11-17 02:07:51 +0000,1
2015-11-18 02:12:04 +0000,1
2015-11-19 02:05:20 +0000,1
2015-11-20 02:09:55 +0000,1
2015-11-21 02:07:29 +0000,1
2015-11-22 02:05:40 +0000,1
2015-11-23 02:14:45 +0000,1
2015-11-24 02:06:51 +0000,1
2015-11-25 02:09:28 +0000,1
2015-11-26 02:15:36 +0000,1
2015-11-27 02:08:46 +0000,1
2015-11-28 02:19:17 +0000,1
2015-11-29 02:16:08 +0000,1
2015-11-30 02:12:07 +0000,1
2015-12-01 02:11:49 +0000,1
2015-12-02 02:09:35 +0000,1
2015-12-03 02:33:16 +0000,1
2015-12-04 02:29:28 +0000,1
2015-12-05 02:09:41 +0000,1
2015-12-06 02:11:08 +0000,1
2015-12-07 02:09:16 +0000,1
2015-12-08 02:07:34 +0000,1
2015-12-09 02:18:44 +0000,1
2015-12-10 02:16:25 +0000,1
2015-12-11 02:25:48 +0000,1
2015-12-12 02:22:42 +0000,1
2015-12-13 02:11:23 +0000,1
2015-12-14 02:11:39 +0000,1
2015-12-15 02:13:41 +0000,1
2015-12-16 03:52:18 +0000,1
2015-12-17 02:41:15 +0000,1
2015-12-18 03:22:52 +0000,1
2015-12-19 02:17:19 +0000,1
2015-12-20 03:04:04 +0000,1
2015-12-21 02:38:08 +0000,1
2015-12-22 02:20:58 +0000,1
2015-12-23 02:21:55 +0000,1
2015-12-24 02:39:53 +0000,1
2015-12-25 02:12:00 +0000,1
2015-12-26 03:10:17 +0000,1
2015-12-27 02:34:50 +0000,1
2015-12-28 02:15:10 +0000,1
2015-12-29 02:23:46 +0000,1
2015-12-30 02:21:27 +0000,1
2016-01-09 02:19:06 +0000,1
2016-01-10 03:42:17 +0000,1
2016-01-11 03:42:37 +0000,1
2016-01-12 02:53:35 +0000,1
2016-01-13 02:21:27 +0000,1
2016-01-14 02:32:42 +0000,1
2016-01-15 02:35:40 +0000,1
2016-01-16 02:19:34 +0000,1
2016-01-17 02:21:38 +0000,1
2016-01-18 06:14:36 +0000,1
2016-01-19 02:34:15 +0000,1
2016-01-20 03:12:50 +0000,1
2016-01-21 02:21:52 +0000,1
2016-01-22 02:58:21 +0000,1
2016-01-23 02:12:19 +0000,1
2016-01-24 02:12:52 +0000,1
2016-01-25 02:20:31 +0000,1
2016-01-26 02:13:41 +0000,1
2016-01-27 03:49:34 +0000,1
2016-01-28 03:53:39 +0000,1
2016-01-29 03:46:44 +0000,1
2016-01-30 03:53:31 +0000,1
2016-01-31 04:03:38 +0000,1
2016-02-01 04:07:18 +0000,1
2016-02-02 04:15:40 +0000,1
2016-02-03 03:50:12 +0000,1
2016-02-04 03:59:25 +0000,1
2016-02-05 03:52:58 +0000,1
2016-02-06 04:02:39 +0000,1
2016-02-07 03:54:06 +0000,1
2016-02-08 04:06:58 +0000,1
2016-02-09 03:51:57 +0000,1
2016-02-10 04:00:45 +0000,1
2016-02-11 04:01:23 +0000,1
2016-02-12 04:15:30 +0000,1
2016-02-13 04:11:13 +0000,1
2016-02-14 03:53:30 +0000,1
2016-02-15 03:51:18 +0000,1
2016-02-16 04:06:19 +0000,1
2016-02-17 03:21:25 +0000,1
2016-02-18 03:57:17 +0000,1
2016-02-19 04:30:00 +0000,1
2016-02-20 02:51:05 +0000,1
2016-02-21 03:01:27 +0000,1
2016-02-22 02:53:25 +0000,1
2016-02-23 03:19:44 +0000,1
2016-02-24 04:20:38 +0000,1
2016-02-25 04:24:26 +0000,1
2016-02-26 03:08:08 +0000,1
2016-02-27 02:31:41 +0000,1
2016-02-28 04:15:34 +0000,1
2016-03-01 02:30:54 +0000,1
2016-03-02 04:27:42 +0000,1
2016-03-03 04:51:43 +0000,1
2016-03-04 02:24:09 +0000,1
2016-03-05 02:44:37 +0000,1
2016-03-06 03:11:42 +0000,1
2016-03-07 04:31:21 +0000,1
2016-03-08 03:08:42 +0000,1
2016-03-09 03:13:29 +0000,1
2016-03-10 02:14:47 +0000,1
2016-03-11 02:17:19 +0000,1
2016-03-12 02:36:30 +0000,1
2016-03-13 03:17:02 +0000,1
2016-03-14 04:36:09 +0000,1
2016-03-15 03:09:16 +0000,1
2016-03-16 03:08:27 +0000,1
2016-03-17 03:08:25 +0000,1
2016-03-18 04:40:37 +0000,1
2016-03-19 03:56:03 +0000,1
2016-03-20 02:45:53 +0000,1
2016-03-22 03:26:59 +0000,1
2016-03-23 04:07:31 +0000,1
2016-03-24 03:01:13 +0000,1
2016-03-25 04:05:19 +0000,1
2016-03-26 04:39:19 +0000,1
2016-03-27 04:04:43 +0100,1
2016-03-28 03:49:06 +0100,1
2016-03-29 04:58:23 +0100,1
2016-03-30 04:21:13 +0100,1
2016-03-31 03:54:29 +0100,1
2016-04-01 02:42:26 +0100,0
2016-04-02 04:07:13 +0100,1
2016-04-03 02:49:37 +0100,1
2016-04-04 02:25:46 +0100,0
2016-04-05 04:55:46 +0100,1
2016-04-06 02:25:19 +0100,1
2016-04-08 02:36:19 +0100,1
2016-04-10 02:45:52 +0100,1
2016-04-13 03:07:06 +0100,1
2016-04-16 02:23:01 +0100,1
2016-04-19 02:16:20 +0100,1
2016-04-22 02:20:36 +0100,1
2016-04-26 02:20:16 +0100,1
2016-04-27 02:54:22 +0100,1
2016-04-30 02:21:55 +0100,1
2016-05-01 02:23:43 +0100,1
2016-05-02 02:59:07 +0100,1
2016-05-03 02:59:17 +0100,1
2016-05-04 02:52:33 +0100,1
2016-05-05 02:59:23 +0100,1
2016-05-07 02:38:06 +0100,1
2016-05-12 02:25:21 +0100,1
2016-05-14 02:26:31 +0100,1
2016-05-15 02:24:22 +0100,1
2016-05-20 02:24:25 +0100,1
2016-05-21 02:35:26 +0100,1
2016-05-22 02:40:10 +0100,1
2016-05-23 02:44:24 +0100,1
2016-05-24 02:38:17 +0100,1
2016-05-25 02:25:39 +0100,1
2016-05-27 03:44:21 +0100,1
2016-05-31 02:25:39 +0100,1
2016-06-01 02:30:55 +0100,1
2016-06-02 02:24:09 +0100,1
2016-06-03 02:26:48 +0100,1
2016-06-04 02:34:11 +0100,1
2016-06-05 02:26:27 +0100,1
2016-06-08 02:31:20 +0100,1
2016-06-09 02:28:28 +0100,1
2016-06-10 02:36:42 +0100,1
2016-06-11 02:26:58 +0100,1
2016-06-12 02:22:27 +0100,1
2016-06-13 02:18:13 +0100,1
2016-06-14 02:19:27 +0100,1
2016-06-15 02:28:29 +0100,1
2016-06-16 02:25:53 +0100,1
2016-06-17 02:22:12 +0100,1
2016-06-18 02:21:26 +0100,1
2016-06-19 02:21:23 +0100,1
2016-06-20 02:26:06 +0100,1
2016-06-21 02:31:02 +0100,1
2016-06-22 02:21:58 +0100,1
2016-06-23 02:21:47 +0100,1
2016-06-24 02:35:07 +0100,1
2016-06-25 02:58:43 +0100,1
2016-06-26 02:29:30 +0100,1
2016-06-27 02:37:26 +0100,1
2016-06-28 02:46:05 +0100,1
2016-06-29 02:35:11 +0100,1
2016-06-30 02:25:08 +0100,1
2016-07-01 02:22:14 +0100,1
2016-07-02 02:27:18 +0100,1
2016-07-03 02:21:16 +0100,1
2016-07-04 02:31:56 +0100,1
2016-07-05 02:23:39 +0100,1
2016-07-06 02:42:54 +0100,1
2016-07-07 02:23:52 +0100,1
2016-07-08 02:32:38 +0100,1
2016-07-09 02:23:55 +0100,1
2016-07-10 02:22:14 +0100,1
2016-07-11 02:22:40 +0100,1
2016-07-12 02:24:02 +0100,1
2016-07-13 02:36:30 +0100,1
2016-07-14 02:25:20 +0100,1
2016-07-15 13:45:58 +0100,1
2016-07-16 02:32:43 +0100,1
2016-07-17 02:44:07 +0100,1
2016-07-18 02:47:28 +0100,1
2016-07-19 02:34:10 +0100,1
2016-07-20 02:34:28 +0100,1
2016-07-21 02:57:41 +0100,1
2016-07-22 02:35:07 +0100,1
2016-07-23 02:32:54 +0100,1
2016-07-24 02:33:49 +0100,1
2016-07-25 02:50:15 +0100,1
2016-07-26 02:30:18 +0100,1
2016-07-27 02:32:53 +0100,1
2016-07-28 02:34:23 +0100,1
2016-07-29 03:10:05 +0100,1
2016-07-30 02:50:23 +0100,1
2016-07-31 02:34:55 +0100,1
2016-08-01 02:35:21 +0100,1
2016-08-02 02:34:52 +0100,1
2016-08-03 03:36:56 +0100,1
2016-08-04 02:42:07 +0100,1
2016-08-05 03:02:41 +0100,1
2016-08-06 03:06:52 +0100,1
2016-08-07 02:30:30 +0100,1
2016-08-08 02:31:25 +0100,1
2016-08-09 07:30:36 +0100,1
2016-08-10 03:46:59 +0100,1
2016-08-11 02:32:53 +0100,1
2016-08-12 02:35:56 +0100,1
2016-08-13 02:36:32 +0100,1
2016-08-14 02:38:43 +0100,1
2016-08-23 03:11:55 +0100,1
2016-08-24 03:04:44 +0100,1
2016-08-30 02:51:50 +0100,1
2016-08-31 02:52:11 +0100,1
2016-09-01 02:48:08 +0100,1
2016-09-02 03:02:46 +0100,1
2016-09-03 02:49:23 +0100,1
2016-09-04 02:42:12 +0100,1
2016-09-05 02:39:58 +0100,1
2016-09-06 02:37:07 +0100,1
2016-09-07 02:48:02 +0100,1
2016-09-08 02:53:28 +0100,1
2016-09-09 02:48:59 +0100,1
2016-09-10 02:44:12 +0100,1
2016-09-11 02:51:45 +0100,1
2016-09-12 02:42:29 +0100,1
2016-09-13 02:49:39 +0100,1
2016-09-14 02:52:52 +0100,1
2016-09-15 03:02:53 +0100,1
2016-09-16 03:28:46 +0100,1
2016-09-17 02:58:02 +0100,1
2016-09-18 03:02:23 +0100,1
2016-09-19 02:59:53 +0100,1
2016-09-20 02:59:21 +0100,1
2016-09-21 03:01:27 +0100,1
2016-09-22 02:32:56 +0100,1
2016-09-23 03:02:15 +0100,1
2016-09-24 03:16:04 +0100,1
2016-09-25 03:00:56 +0100,1
2016-09-26 02:58:25 +0100,1
2016-09-27 03:11:05 +0100,1
2016-09-28 02:59:41 +0100,1
2016-09-29 02:56:55 +0100,1
2016-09-30 02:58:41 +0100,1
2016-10-01 03:04:58 +0100,1
2016-10-03 02:44:00 +0100,1
2016-10-04 02:28:44 +0100,1
2016-10-05 03:07:52 +0100,1
2016-10-06 03:08:40 +0100,1
2016-10-07 03:04:31 +0100,1
2016-10-08 02:58:15 +0100,1
2016-10-09 02:56:44 +0100,1
2016-10-10 03:06:56 +0100,1
2016-10-11 02:31:27 +0100,1
2016-10-12 02:31:25 +0100,1
2016-10-18 12:26:46 +0100,1
2016-10-20 11:01:41 +0100,1
2016-10-27 04:32:04 +0100,1
2016-10-28 04:32:59 +0100,1
2016-10-29 04:56:48 +0100,1
2016-11-01 04:44:30 +0000,1
2016-11-02 04:26:56 +0000,1
2016-11-03 05:17:56 +0000,1
2016-11-04 04:30:21 +0000,1
2016-11-05 04:28:29 +0000,1
2016-11-06 04:28:06 +0000,1
2016-11-07 04:25:49 +0000,1
2016-11-08 04:26:26 +0000,1
2016-11-09 04:23:03 +0000,1
2016-11-10 04:28:20 +0000,1
2016-11-11 04:29:24 +0000,1
2016-11-12 04:24:27 +0000,1
2016-11-13 04:23:14 +0000,1
2016-11-14 08:16:58 +0000,1
2016-11-15 04:19:07 +0000,1
2016-11-16 04:23:22 +0000,1
2016-11-18 04:21:02 +0000,1
2016-11-19 04:24:47 +0000,1
2016-11-20 04:23:15 +0000,1
2016-11-21 04:33:23 +0000,1
2016-11-22 04:24:45 +0000,1
2016-11-24 04:19:12 +0000,1
2016-11-25 04:33:59 +0000,1
2016-11-26 04:23:11 +0000,1
2016-11-27 04:26:33 +0000,1
2016-11-28 04:27:54 +0000,1
2016-11-29 04:32:52 +0000,1
2016-11-30 04:28:17 +0000,1
2016-12-01 04:37:05 +0000,1
2016-12-02 04:26:18 +0000,1
2016-12-03 04:25:48 +0000,1
2016-12-04 04:29:11 +0000,1
2016-12-05 04:31:01 +0000,1
2016-12-06 04:35:24 +0000,1
2016-12-07 04:32:25 +0000,1
2016-12-08 06:07:45 +0000,1
2016-12-09 06:07:48 +0000,1
2016-12-12 02:33:16 +0000,1
2016-12-14 02:23:57 +0000,1
2016-12-15 08:24:08 +0000,1
2016-12-16 04:32:09 +0000,1
2016-12-17 04:32:22 +0000,1
2016-12-18 04:27:49 +0000,1
2016-12-19 04:31:10 +0000,1
2016-12-20 04:31:43 +0000,1
2016-12-21 04:30:47 +0000,1
2016-12-22 04:29:13 +0000,1
2016-12-23 04:26:25 +0000,1
2016-12-24 04:34:09 +0000,1
2016-12-25 04:38:51 +0000,1
2016-12-26 04:37:31 +0000,1
2016-12-27 04:33:15 +0000,1
2016-12-28 04:34:04 +0000,1
2016-12-29 04:39:41 +0000,1
2016-12-30 04:31:00 +0000,1
2016-12-31 04:29:55 +0000,1
2017-01-01 04:32:01 +0000,1
2017-01-02 04:29:50 +0000,1
2017-01-03 04:30:13 +0000,1
2017-01-04 04:37:16 +0000,1
2017-01-05 04:35:54 +0000,1
2017-01-06 04:39:19 +0000,1
2017-01-07 04:34:31 +0000,1
2017-01-08 04:35:13 +0000,1
2017-01-09 04:34:53 +0000,1
2017-01-10 04:34:12 +0000,1
2017-01-11 04:37:17 +0000,1
2017-01-12 04:39:38 +0000,1
2017-01-13 04:41:57 +0000,1
2017-01-14 04:38:18 +0000,1
2017-01-15 04:42:46 +0000,1
2017-01-16 04:42:10 +0000,1
2017-01-17 04:39:34 +0000,1
2017-01-18 04:50:00 +0000,1
2017-01-27 04:37:57 +0000,1
2017-01-28 04:36:29 +0000,1
2017-01-29 04:36:58 +0000,1
2017-01-30 04:42:24 +0000,1
2017-01-31 04:47:50 +0000,1
2017-02-01 04:51:29 +0000,1
2017-02-02 04:50:38 +0000,1
2017-02-03 04:49:52 +0000,1
2017-02-04 04:49:54 +0000,1
2017-02-05 04:45:52 +0000,1
2017-02-06 04:45:56 +0000,1
2017-02-07 04:53:11 +0000,1
2017-02-08 04:49:46 +0000,1
2017-02-09 04:49:31 +0000,1
2017-02-10 04:55:27 +0000,1
2017-02-11 04:51:59 +0000,1
2017-02-12 04:46:02 +0000,1
2017-02-13 04:47:32 +0000,1
2017-02-15 04:49:13 +0000,1
2017-02-16 04:44:15 +0000,1
2017-02-17 04:48:38 +0000,1
2017-02-18 04:48:50 +0000,1
2017-02-20 04:50:36 +0000,1
2017-02-21 04:48:43 +0000,1
2017-02-22 04:53:26 +0000,1
2017-02-23 04:51:52 +0000,1
2017-02-24 04:55:32 +0000,1
2017-02-25 04:51:25 +0000,1
2017-02-26 04:48:39 +0000,1
2017-02-27 04:51:52 +0000,1
2017-02-28 04:54:52 +0000,1
2017-03-01 04:56:47 +0000,1
2017-03-02 04:52:09 +0000,1
2017-03-03 04:50:16 +0000,1
2017-03-04 04:52:18 +0000,1
2017-03-05 05:53:50 +0000,1
2017-03-06 04:50:07 +0000,1
2017-03-07 04:53:22 +0000,1
2017-03-08 04:52:15 +0000,1
2017-03-09 04:56:14 +0000,1
2017-03-10 05:12:14 +0000,1
2017-03-11 04:48:35 +0000,1
2017-03-12 04:50:46 +0000,1
2017-03-13 04:50:53 +0000,1
2017-03-14 04:54:45 +0000,1
2017-03-15 05:06:17 +0000,1
2017-03-16 04:54:40 +0000,1
2017-03-17 04:55:36 +0000,1
2017-03-18 05:20:46 +0000,1
2017-03-19 04:50:40 +0000,1
2017-03-20 04:49:47 +0000,1
2017-03-21 04:49:18 +0000,1
2017-03-22 04:52:30 +0000,1
2017-03-23 05:09:15 +0000,1
2017-03-24 04:52:10 +0000,1
2017-03-25 04:48:52 +0000,1
2017-03-26 04:50:08 +0100,1
2017-03-27 04:56:38 +0100,1
2017-03-28 04:56:11 +0100,1
2017-03-29 05:47:37 +0100,1
2017-03-30 05:00:36 +0100,1
2017-03-31 05:07:39 +0100,1
2017-04-01 04:57:30 +0100,1
2017-04-02 04:57:21 +0100,1
2017-04-03 04:58:56 +0100,1
2017-04-04 04:56:33 +0100,1
2017-04-05 04:56:08 +0100,1
2017-04-06 04:59:05 +0100,1
2017-04-07 04:57:54 +0100,1
2017-04-08 04:55:56 +0100,1
2017-04-09 04:57:11 +0100,1
2017-04-10 04:55:46 +0100,1
2017-04-11 04:59:51 +0100,1
2017-04-12 04:56:22 +0100,1
2017-04-13 04:58:49 +0100,1
2017-04-14 04:57:13 +0100,1
2017-04-15 04:57:19 +0100,1
2017-04-16 04:57:07 +0100,1
2017-04-17 04:58:36 +0100,1
2017-04-18 05:01:35 +0100,1
2017-04-19 04:58:22 +0100,1
2017-04-20 05:01:55 +0100,1
2017-04-21 04:58:20 +0100,1
2017-04-22 04:58:08 +0100,1
2017-04-23 04:58:41 +0100,1
2017-04-24 04:55:37 +0100,1
2017-04-25 04:59:39 +0100,1
2017-04-26 04:52:25 +0100,1
2017-04-27 05:04:08 +0100,1
2017-04-28 05:03:45 +0100,1
2017-04-29 05:13:01 +0100,1
2017-04-30 05:09:11 +0100,1
2017-05-01 05:16:50 +0100,1
2017-05-02 05:15:17 +0100,1
2017-05-03 05:15:11 +0100,1
2017-05-04 05:17:32 +0100,1
2017-05-05 05:36:12 +0100,1
2017-05-06 05:36:13 +0100,1
2017-05-07 05:38:28 +0100,1
2017-05-08 05:39:30 +0100,1
2017-05-09 05:33:12 +0100,1
2017-05-10 05:35:50 +0100,1
2017-05-11 07:06:44 +0100,1
2017-05-12 05:35:41 +0100,1
2017-05-13 05:27:11 +0100,1
2017-05-14 05:37:06 +0100,1
2017-05-15 05:32:44 +0100,1
2017-05-16 05:32:20 +0100,1
2017-05-17 05:31:15 +0100,1
2017-05-18 05:24:41 +0100,1
2017-05-19 05:26:41 +0100,1
2017-05-20 05:39:23 +0100,1
2017-05-21 05:35:00 +0100,1
2017-05-22 05:27:14 +0100,1
2017-05-23 05:30:10 +0100,1
2017-05-24 05:34:21 +0100,1
2017-05-25 05:30:50 +0100,1
2017-05-26 05:39:25 +0100,1
2017-05-27 05:38:42 +0100,1
2017-05-28 05:34:25 +0100,1
2017-05-29 05:34:55 +0100,1
2017-05-30 05:39:48 +0100,1
2017-05-31 05:40:53 +0100,1
2017-06-01 05:36:40 +0100,1
2017-06-02 05:27:36 +0100,1
2017-06-03 05:37:56 +0100,1
2017-06-04 05:42:15 +0100,1
2017-06-05 05:37:05 +0100,1
2017-06-06 05:40:34 +0100,1
2017-06-07 05:37:42 +0100,1
2017-06-08 05:39:40 +0100,1
2017-06-09 05:42:19 +0100,1
2017-06-10 05:45:23 +0100,1
2017-06-11 05:34:02 +0100,1
2017-06-12 05:37:46 +0100,1
2017-06-13 05:33:18 +0100,1
2017-06-14 05:25:14 +0100,1
2017-06-15 05:27:57 +0100,1
2017-06-16 05:34:24 +0100,1
2017-06-17 05:32:01 +0100,1
2017-06-18 05:23:36 +0100,1
2017-06-19 05:24:43 +0100,1
2017-06-20 05:57:51 +0100,1
2017-06-21 05:28:50 +0100,1
2017-06-22 05:32:26 +0100,1
2017-06-23 05:36:16 +0100,1
2017-06-24 05:33:34 +0100,1
2017-06-25 05:35:14 +0100,1
2017-06-26 05:35:55 +0100,1
2017-06-27 05:36:26 +0100,1
2017-06-28 05:41:09 +0100,1
2017-06-29 05:45:34 +0100,1
2017-06-30 06:23:31 +0100,1
2017-07-01 05:50:38 +0100,1
2017-07-02 05:45:42 +0100,1
2017-07-03 05:44:34 +0100,1
2017-07-05 05:47:32 +0100,1
2017-07-06 06:37:22 +0100,1
2017-07-07 06:17:52 +0100,1
2017-07-08 06:27:15 +0100,1
2017-07-10 05:43:50 +0100,1
2017-07-11 06:22:44 +0100,1
2017-07-12 07:41:31 +0100,1
2017-07-13 05:44:12 +0100,1
2017-07-14 06:03:24 +0100,1
2017-07-15 06:54:39 +0100,1
2017-07-16 05:37:12 +0100,1
2017-07-17 05:46:21 +0100,1
2017-07-18 05:52:02 +0100,1
2017-07-19 05:33:48 +0100,1
2017-07-20 05:47:42 +0100,1
2017-07-21 05:45:07 +0100,1
2017-07-22 05:49:40 +0100,1
2017-07-23 05:51:38 +0100,1
2017-07-24 05:53:07 +0100,1
2017-07-25 05:48:31 +0100,1
2017-07-26 05:49:58 +0100,1
2017-07-27 05:43:40 +0100,1
2017-07-28 05:47:57 +0100,1
2017-07-29 05:44:28 +0100,1
2017-07-31 05:49:59 +0100,1
2017-08-01 06:44:03 +0100,1
2017-08-02 06:45:14 +0100,1
2017-08-03 06:28:02 +0100,1
2017-08-04 06:31:51 +0100,1
2017-08-05 06:40:51 +0100,1
2017-08-06 06:27:15 +0100,1
2017-08-08 06:24:55 +0100,1
2017-08-09 06:26:54 +0100,1
2017-08-10 06:22:34 +0100,1
2017-08-11 06:42:21 +0100,1
2017-08-12 05:47:58 +0100,1
2017-08-13 07:13:38 +0100,1
2017-08-14 05:49:48 +0100,1
2017-08-15 05:41:46 +0100,1
2017-08-17 05:38:36 +0100,1
2017-08-18 05:49:25 +0100,1
2017-08-19 05:48:01 +0100,1
2017-08-20 05:54:59 +0100,1
2017-08-21 05:41:00 +0100,1
2017-08-22 05:47:55 +0100,1
2017-08-23 05:50:20 +0100,1
2017-08-24 05:47:31 +0100,1
2017-08-25 05:52:18 +0100,1
2017-08-26 05:48:16 +0100,1
2017-08-27 05:46:27 +0100,1
2017-08-28 05:47:49 +0100,1
2017-08-29 05:46:29 +0100,1
2017-08-30 05:40:21 +0100,1
2017-08-31 05:58:09 +0100,1
2017-09-01 05:46:33 +0100,1
2017-09-02 05:47:13 +0100,1
2017-09-03 05:46:09 +0100,1
2017-09-04 05:43:33 +0100,1
2017-09-05 05:44:36 +0100,1
2017-09-06 05:45:45 +0100,1
2017-09-07 05:45:26 +0100,1
2017-09-08 05:43:55 +0100,1
2017-09-09 05:58:56 +0100,1
2017-09-10 06:06:28 +0100,1
2017-09-12 06:00:22 +0100,1
2017-09-13 06:03:49 +0100,1
2017-09-14 06:07:11 +0100,1
2017-09-15 06:08:14 +0100,1
2017-09-16 06:03:38 +0100,1
2017-09-17 06:06:52 +0100,1
2017-09-18 06:05:33 +0100,1
2017-09-19 06:06:18 +0100,1
2017-09-20 06:07:26 +0100,1
2017-09-21 06:07:17 +0100,1
2017-09-22 06:10:41 +0100,1
2017-09-23 06:09:58 +0100,1
2017-09-24 06:05:40 +0100,1
2017-09-25 06:04:02 +0100,1
2017-09-26 06:05:00 +0100,1
2017-09-27 06:04:44 +0100,1
2017-09-28 06:06:47 +0100,1
2017-09-29 06:34:56 +0100,1
2017-09-30 06:31:17 +0100,1
2017-10-01 06:20:22 +0100,1
2017-10-02 06:56:19 +0100,1
2017-10-03 06:50:29 +0100,1
2017-10-04 06:34:24 +0100,1
2017-10-05 06:23:34 +0100,1
2017-10-06 06:14:22 +0100,1
2017-10-08 06:10:11 +0100,1
2017-10-10 06:19:06 +0100,1
2017-10-11 06:19:52 +0100,1
2017-10-13 06:03:34 +0100,1
2017-10-14 06:21:09 +0100,1
2017-10-15 06:13:21 +0100,1
2017-10-16 06:08:39 +0100,1
2017-10-17 06:30:11 +0100,1
2017-10-18 06:07:48 +0100,1
2017-10-19 06:17:38 +0100,1
2017-10-20 06:40:17 +0100,1
2017-10-21 06:14:54 +0100,1
2017-10-22 06:11:47 +0100,1
2017-10-23 06:09:58 +0100,1
2017-10-24 06:12:38 +0100,1
2017-10-27 06:06:09 +0100,1
2017-10-28 08:56:43 +0100,1
2017-10-30 06:19:42 +0000,1
2017-10-31 06:10:27 +0000,1
2017-11-01 06:12:32 +0000,1
2017-11-07 06:07:43 +0000,1
2017-11-10 06:15:34 +0000,1
2017-11-11 06:09:17 +0000,1
2017-11-12 06:07:18 +0000,1
2017-11-13 06:14:34 +0000,1
2017-11-14 06:19:30 +0000,1
2017-11-15 06:06:09 +0000,1
2017-11-16 06:15:12 +0000,1
2017-11-17 06:12:37 +0000,1
2017-11-18 05:43:51 +0000,1
2017-11-19 06:18:08 +0000,1
2017-11-20 06:19:27 +0000,1
2017-11-21 06:12:54 +0000,1
2017-11-22 06:14:52 +0000,1
2017-11-23 06:25:49 +0000,1
2017-11-24 06:13:09 +0000,1
2017-11-25 06:12:27 +0000,1
2017-11-29 06:14:25 +0000,1
2017-11-30 06:23:47 +0000,1
2017-12-01 06:18:23 +0000,1
2017-12-05 06:21:39 +0000,1
2017-12-06 06:18:28 +0000,1
2017-12-07 07:49:11 +0000,1
2017-12-08 07:15:15 +0000,1
2017-12-09 07:08:50 +0000,1
2017-12-10 07:20:17 +0000,1
2017-12-12 06:30:01 +0000,1
2017-12-13 06:24:28 +0000,1
2017-12-14 07:08:22 +0000,1
2017-12-15 07:44:19 +0000,1
2017-12-19 06:16:37 +0000,1
2017-12-20 07:01:42 +0000,1
2017-12-21 07:02:28 +0000,1
2017-12-22 07:24:04 +0000,1
2017-12-23 07:29:24 +0000,1
2017-12-24 07:16:53 +0000,1
2017-12-25 07:14:22 +0000,1
2017-12-26 07:32:02 +0000,1
2017-12-27 07:41:21 +0000,1
2017-12-28 07:42:44 +0000,1
2017-12-30 06:27:35 +0000,1
2017-12-31 06:32:37 +0000,1
2018-01-03 06:31:35 +0000,1
2018-01-04 07:02:46 +0000,1
2018-01-06 08:01:49 +0000,1
2018-01-11 06:13:35 +0000,1
2018-01-12 06:28:21 +0000,1
2018-01-13 07:12:13 +0000,1
2018-01-15 06:43:57 +0000,1
2018-01-16 08:42:18 +0000,1
2018-01-19 06:26:40 +0000,1
2018-01-21 08:30:58 +0000,1
2018-01-23 06:21:37 +0000,1
2018-01-24 06:43:14 +0000,1
2018-01-25 06:52:15 +0000,1
2018-01-26 07:27:50 +0000,1
2018-01-28 07:03:24 +0000,1
2018-01-29 07:28:53 +0000,1
2018-02-06 05:29:04 +0000,1
2018-02-16 05:14:58 +0000,1
2018-02-19 05:19:21 +0000,1
2018-02-25 05:15:56 +0000,1
2018-03-01 05:27:36 +0000,1
2018-03-04 05:26:08 +0000,1
2018-03-07 05:42:31 +0000,1
2018-03-10 05:38:57 +0000,1
2018-03-22 05:24:43 +0000,1
2018-03-25 06:19:36 +0100,1
2018-04-01 05:34:15 +0100,1
2018-04-04 05:34:29 +0100,1
2018-04-07 05:49:30 +0100,1
2018-04-22 05:15:17 +0100,1
2018-06-01 05:44:15 +0100,1
2018-06-04 05:24:39 +0100,1
2018-06-07 06:06:31 +0100,1
2018-06-25 05:53:05 +0100,1
2018-07-10 06:31:48 +0100,1
2018-07-16 06:27:33 +0100,1
2018-07-22 06:28:04 +0100,1
2018-07-25 06:33:35 +0100,1
2018-07-28 06:42:39 +0100,1
2018-08-01 06:05:11 +0100,1
2018-08-04 05:47:50 +0100,1
2018-08-07 06:16:22 +0100,1
2018-08-10 06:44:44 +0100,1
2018-08-13 06:18:24 +0100,1
2018-08-16 06:36:33 +0100,1
2018-08-19 06:01:25 +0100,1
2018-08-22 06:51:37 +0100,1
2018-08-25 06:24:08 +0100,1
2018-08-28 06:26:32 +0100,1
2018-09-01 05:58:49 +0100,1
2018-09-04 05:55:32 +0100,1
2018-09-07 05:52:57 +0100,1
2018-09-10 06:01:53 +0100,1
2018-09-13 05:45:39 +0100,1
2018-09-16 05:46:46 +0100,1
2018-09-19 06:33:00 +0100,1
2018-09-22 05:54:16 +0100,1
2018-09-25 05:59:08 +0100,1
2018-10-04 06:11:36 +0100,1
2018-10-07 06:27:15 +0100,1
2018-10-10 06:46:32 +0100,1
2018-10-13 05:53:53 +0100,1
2018-10-16 06:26:10 +0100,1
2018-10-19 07:06:25 +0100,1
2018-10-22 07:10:20 +0100,1
2018-10-25 06:00:59 +0100,1
2018-10-28 05:13:53 +0000,1
2018-11-01 06:49:27 +0000,1
2018-11-04 06:12:54 +0000,1
2018-11-07 06:03:06 +0000,1
2018-11-10 06:10:02 +0000,1
2018-11-13 06:13:10 +0000,1
2018-11-16 06:06:18 +0000,1
2018-11-19 06:13:27 +0000,1
2018-11-22 06:43:41 +0000,0
2018-11-25 06:14:56 +0000,1
2018-12-01 06:23:51 +0000,1
2018-12-04 07:04:53 +0000,1
2018-12-07 06:14:22 +0000,1
2018-12-10 06:27:57 +0000,1
2018-12-13 06:31:09 +0000,1
2018-12-16 06:21:57 +0000,1
2018-12-19 06:31:52 +0000,1
2018-12-22 06:31:39 +0000,1
2018-12-25 06:50:52 +0000,1
2018-12-28 07:09:18 +0000,1
2019-01-01 06:51:12 +0000,1
2019-01-04 07:45:52 +0000,1
2019-01-07 06:36:52 +0000,1
2019-01-10 07:00:20 +0000,1
2019-01-13 06:51:08 +0000,1
2019-01-16 06:18:52 +0000,1
2019-01-25 06:27:52 +0000,1
2019-01-28 06:20:04 +0000,1
2019-02-01 06:43:11 +0000,1
2019-02-04 06:46:59 +0000,1
2019-02-07 06:28:15 +0000,1
2019-02-10 07:01:57 +0000,1
2019-02-13 06:35:54 +0000,1
2019-02-19 07:05:30 +0000,1
2019-02-22 06:55:53 +0000,1
2019-02-25 06:38:05 +0000,1
2019-03-01 06:43:32 +0000,1
2019-03-04 07:01:27 +0000,1
2019-03-07 07:15:07 +0000,1
2019-03-10 06:41:23 +0000,1
2019-03-13 06:35:04 +0000,1
2019-03-16 06:34:51 +0000,1
2019-03-19 06:42:23 +0000,1
2019-03-22 06:58:13 +0000,1
2019-03-25 06:50:58 +0000,1
2019-03-28 07:47:59 +0000,1
2019-04-01 07:40:45 +0100,1
2019-04-04 06:42:25 +0100,1
2019-04-07 06:51:48 +0100,1
2019-04-10 06:56:15 +0100,1
2019-04-16 11:24:05 +0100,1
2019-04-19 07:16:50 +0100,1
2019-04-22 07:00:26 +0100,1
2019-05-01 07:20:31 +0100,1
2019-05-04 07:15:27 +0100,1
2019-05-07 07:29:37 +0100,1
2019-05-10 07:10:29 +0100,1
2019-05-13 07:01:24 +0100,1
2019-05-16 07:14:22 +0100,1
2019-05-19 06:46:07 +0100,1
2019-05-22 07:06:31 +0100,1
2019-05-25 07:04:15 +0100,1
2019-06-01 06:56:39 +0100,1
2019-06-04 06:58:16 +0100,1
2019-06-07 07:01:51 +0100,1
